﻿<parameters>
  <parameter name="IIS Web Application Name" defaultValue="Default Web Site/KotakDocuMentor_deploy" tags="IisApp">
    <parameterEntry kind="ProviderPath" scope="IisApp" match="^F:\\Projects\\dotNET\\KotakDocuMentor\\KotakDocuMentor\\obj\\Debug\\Package\\PackageTmp$" />
    <parameterEntry kind="ProviderPath" scope="setAcl" match="^F:\\Projects\\dotNET\\KotakDocuMentor\\KotakDocuMentor\\obj\\Debug\\Package\\PackageTmp$" />
  </parameter>
  <parameter name="DocumentorDBConnectionString-Web.config Connection String" description="DocumentorDBConnectionString Connection String used in web.config by the application to access the database." defaultValue="data source=PTOTEM-PC\SQLEXPRESS;Initial Catalog=DocuMentorDB;User Id=sa;Password=p20o20e13;" tags="SqlConnectionString">
    <parameterEntry kind="XmlFile" scope="F:\\Projects\\dotNET\\KotakDocuMentor\\KotakDocuMentor\\obj\\Debug\\Package\\PackageTmp\\Web\.config$" match="/configuration/connectionStrings/add[@name='DocumentorDBConnectionString']/@connectionString" />
  </parameter>
  <parameter name="DocuMentorDBConnectionString1-Web.config Connection String" description="DocuMentorDBConnectionString1 Connection String used in web.config by the application to access the database." defaultValue="Data Source=PTOTEM-PC\SQLEXPRESS;Initial Catalog=DocuMentorDB;Persist Security Info=True;User ID=sa;Password=p20o20e13" tags="SqlConnectionString">
    <parameterEntry kind="XmlFile" scope="F:\\Projects\\dotNET\\KotakDocuMentor\\KotakDocuMentor\\obj\\Debug\\Package\\PackageTmp\\Web\.config$" match="/configuration/connectionStrings/add[@name='DocuMentorDBConnectionString1']/@connectionString" />
  </parameter>
</parameters>